algorithm,mean_reward,safety_violation_rate
cpo,0.6410624271248386,0.365
gpo,0.4612852415961212,0.0
ppo,0.7233393781485291,0.47
random,0.46860513325110503,0.24000000000000002
