algorithm,mean_reward,safety_violation_rate
cpo,0.28122122431259244,0.26666666666666666
gpo,0.5333333333333334,0.0
ppo,0.3196165271728921,0.26666666666666666
random,0.3420470377205778,0.16
