{
  "experiment": "experiment_c",
  "config": {
    "n_samples": 200,
    "train_ratio": 0.8,
    "h1_threshold": 0.8,
    "reward_hidden_dim": 128,
    "reward_lr": 0.0001,
    "reward_epochs": 50,
    "reward_batch_size": 32,
    "policy_hidden_dim": 128,
    "policy_lr": 0.0003,
    "critic_lr": 0.001,
    "metric_lr": 0.001,
    "gamma": 0.99,
    "gae_lambda": 0.95,
    "clip_ratio": 0.2,
    "entropy_coef": 0.01,
    "n_episodes": 50,
    "max_steps": 100,
    "metric_severity": 5.0,
    "anisotropic_max_metric": 100.0,
    "warmup_episodes": 30,
    "use_soft_scaling": true,
    "seeds": 2,
    "device": "cpu",
    "output_dir": "results/hodge_filtered_rlhf",
    "embedding_model_name": "all-MiniLM-L6-v2"
  },
  "results": [
    {
      "seed": 0,
      "method": "sgpo_anis",
      "total_violations": 0,
      "final_return": 63.47611581623554,
      "goal_rate": 0.0,
      "h1_filtered_ratio": 0.0,
      "training_returns": [
        33.84422273375094,
        66.56193744018674,
        6.935308750718832,
        6.588970597833395,
        60.158502247184515,
        80.94298480637372,
        6.196775984019041,
        44.60195076838136,
        -9.797247312963009,
        3.586653284728527,
        74.11272937059402,
        101.35821007192135,
        85.94719306752086,
        -44.457550927996635,
        68.39150284230709,
        75.22313920035958,
        73.23024756275117,
        73.64639686793089,
        50.86183200776577,
        41.81308302283287,
        31.732233239337802,
        64.01597218215466,
        48.2171211540699,
        81.62943727895617,
        53.44503192231059,
        69.18188354000449,
        133.86234464868903,
        94.23684385046363,
        85.34708728268743,
        -9.227577038109303,
        65.38206798955798,
        137.58219777047634,
        41.891949225217104,
        22.445278020575643,
        116.26278710365295,
        84.2839199565351,
        67.49930780567229,
        133.85234493389726,
        72.0033576413989,
        72.33090589568019,
        102.14755005203187,
        66.62787678837776,
        61.24034425243735,
        66.50912999361753,
        83.17539974674582,
        122.5353922713548,
        106.46932450681925,
        100.13361984491348,
        14.065448023378849,
        85.1803685426712
      ],
      "training_violations": [
        0,
        0,
        0,
        0,
        0,
        0,
        0,
        0,
        0,
        0,
        0,
        0,
        0,
        0,
        0,
        0,
        0,
        0,
        0,
        0,
        0,
        0,
        0,
        0,
        0,
        0,
        0,
        0,
        0,
        0,
        0,
        0,
        0,
        0,
        0,
        0,
        0,
        0,
        0,
        0,
        0,
        0,
        0,
        0,
        0,
        0,
        0,
        0,
        0,
        0
      ]
    },
    {
      "seed": 0,
      "method": "sgpo_anis_hodge",
      "total_violations": 0,
      "final_return": 48.47735583189875,
      "goal_rate": 0.0,
      "h1_filtered_ratio": 1.0,
      "training_returns": [
        33.84422273375094,
        26.691469334065914,
        64.00401696376503,
        106.17019322887063,
        47.41691583767533,
        31.79953955858946,
        1.0680829510092735,
        24.03268801420927,
        56.56252606958151,
        53.9658687338233,
        62.145766507834196,
        50.2296284660697,
        73.74811339750886,
        -16.072982665151358,
        38.360445100814104,
        54.832426864653826,
        64.57307092100382,
        73.02865785732865,
        32.53928606957197,
        47.8184403590858,
        38.665696531534195,
        40.55702527239919,
        24.578219577670097,
        65.1599361076951,
        86.78945837542415,
        62.267003485932946,
        78.70455154031515,
        80.99728562682867,
        11.555507499724627,
        29.646256178617477,
        106.93863962218165,
        21.498245123773813,
        -9.191179230809212,
        65.23307981342077,
        96.07007962465286,
        0.659919448196888,
        34.43169564753771,
        53.225566200912,
        46.68718725442886,
        81.78777998313308,
        46.2639120593667,
        41.28569780103862,
        74.88412852957845,
        52.30809734016657,
        71.62561506219208,
        0.4877622164785862,
        69.87598846107721,
        72.51041017845273,
        33.0390586219728,
        18.566791336983442
      ],
      "training_violations": [
        0,
        0,
        0,
        0,
        0,
        0,
        0,
        0,
        0,
        0,
        0,
        0,
        0,
        0,
        0,
        0,
        0,
        0,
        0,
        0,
        0,
        0,
        0,
        0,
        0,
        0,
        0,
        0,
        0,
        0,
        0,
        0,
        0,
        0,
        0,
        0,
        0,
        0,
        0,
        0,
        0,
        0,
        0,
        0,
        0,
        0,
        0,
        0,
        0,
        0
      ]
    },
    {
      "seed": 1,
      "method": "sgpo_anis",
      "total_violations": 0,
      "final_return": 53.52223515585065,
      "goal_rate": 0.0,
      "h1_filtered_ratio": 0.0,
      "training_returns": [
        58.650098502635956,
        47.93368919193745,
        6.739179039373994,
        -1.7814091723412275,
        41.95185710862279,
        42.62653395161033,
        -5.411477115005255,
        -11.057097766548395,
        -30.447595596313477,
        45.64583006501198,
        26.858418565243483,
        19.467310005798936,
        41.78895413689315,
        -5.488873699679971,
        49.812338545918465,
        45.82094666734338,
        11.069085763767362,
        27.23347821086645,
        -18.048122813925147,
        -3.9109392128884792,
        33.48513503745198,
        -11.849501688033342,
        87.94108604639769,
        18.570056524127722,
        41.35049385949969,
        33.73413799889386,
        -7.553240615874529,
        73.44228782877326,
        32.47220778092742,
        26.727312937378883,
        60.592330764979124,
        44.3007098659873,
        97.161660913378,
        95.54668132402003,
        42.778684455901384,
        67.74910469353199,
        128.2604655660689,
        128.99641053378582,
        91.22604080289602,
        18.21932227909565,
        71.82959796115756,
        64.73250880092382,
        145.54254291206598,
        113.55424006842077,
        100.00282853841782,
        119.52391862869263,
        107.84184057638049,
        174.04768806137145,
        137.60382680036128,
        148.82917415723205
      ],
      "training_violations": [
        0,
        0,
        0,
        0,
        0,
        0,
        0,
        0,
        0,
        0,
        0,
        0,
        0,
        0,
        0,
        0,
        0,
        0,
        0,
        0,
        0,
        0,
        0,
        0,
        0,
        0,
        0,
        0,
        0,
        0,
        0,
        0,
        0,
        0,
        0,
        0,
        0,
        0,
        0,
        0,
        0,
        0,
        0,
        0,
        0,
        0,
        0,
        0,
        0,
        0
      ]
    },
    {
      "seed": 1,
      "method": "sgpo_anis_hodge",
      "total_violations": 0,
      "final_return": 57.48494541399181,
      "goal_rate": 0.0,
      "h1_filtered_ratio": 1.0,